_id,userid,productId,rating
66d9e1247beab6ea22949bd0,992,1032,5
66d9e1247beab6ea22949bd1,998,1026,4
66d9e1247beab6ea22949bd2,661,1020,3
66d9e1247beab6ea22949bd3,880,1009,3
66d9e1247beab6ea22949bd4,490,1037,4
66d9e1247beab6ea22949bd5,127,1031,1
66d9e1247beab6ea22949bd6,599,1005,3
66d9e1247beab6ea22949bd7,965,1043,1
66d9e1247beab6ea22949bd8,467,1017,4
66d9e1247beab6ea22949bd9,58,1046,1
66d9e1247beab6ea22949bda,312,1043,4
66d9e1247beab6ea22949bdb,958,1034,1
66d9e1247beab6ea22949bdc,738,1041,1
66d9e1247beab6ea22949bdd,557,1017,3
66d9e1247beab6ea22949bde,934,1002,4
66d9e1247beab6ea22949bdf,713,1015,3
66d9e1247beab6ea22949be0,325,1013,4
66d9e1247beab6ea22949be1,839,1044,2
66d9e1247beab6ea22949be2,221,1013,4
66d9e1247beab6ea22949be3,57,1025,5
66d9e1247beab6ea22949be4,835,1004,3
66d9e1247beab6ea22949be5,411,1044,1
66d9e1247beab6ea22949be6,487,1042,4
66d9e1247beab6ea22949be7,230,1040,2
66d9e1247beab6ea22949be8,343,1012,2
66d9e1247beab6ea22949be9,617,1007,2
66d9e1247beab6ea22949bea,973,1015,5
66d9e1247beab6ea22949beb,451,1021,1
66d9e1247beab6ea22949bec,87,1029,1
66d9e1247beab6ea22949bed,344,1010,4
66d9e1247beab6ea22949bee,536,1014,4
66d9e1247beab6ea22949bef,14,1028,3
66d9e1247beab6ea22949bf0,93,1017,1
66d9e1247beab6ea22949bf1,617,1047,3
66d9e1247beab6ea22949bf2,726,1019,1
66d9e1247beab6ea22949bf3,59,1007,1
66d9e1247beab6ea22949bf4,518,1016,2
66d9e1247beab6ea22949bf5,199,1026,1
66d9e1247beab6ea22949bf6,567,1011,5
66d9e1247beab6ea22949bf7,877,1016,3
66d9e1247beab6ea22949bf8,791,1003,5
66d9e1247beab6ea22949bf9,370,1049,2
66d9e1247beab6ea22949bfa,820,1036,4
66d9e1247beab6ea22949bfb,425,1018,3
66d9e1247beab6ea22949bfc,717,1020,4
66d9e1247beab6ea22949bfd,318,1032,1
66d9e1247beab6ea22949bfe,953,1016,1
66d9e1247beab6ea22949bff,630,1042,4
66d9e1247beab6ea22949c00,803,1001,2
66d9e1247beab6ea22949c01,914,1015,4
66d9e1247beab6ea22949c02,550,1023,1
66d9e1247beab6ea22949c03,14,1043,5
66d9e1247beab6ea22949c04,160,1002,2
66d9e1247beab6ea22949c05,692,1005,3
66d9e1247beab6ea22949c06,602,1014,3
66d9e1247beab6ea22949c07,251,1027,2
66d9e1247beab6ea22949c08,303,1022,2
66d9e1247beab6ea22949c09,115,1001,1
66d9e1247beab6ea22949c0a,616,1043,2
66d9e1247beab6ea22949c0b,65,1046,1
66d9e1247beab6ea22949c0c,411,1007,5
66d9e1247beab6ea22949c0d,706,1036,4
66d9e1247beab6ea22949c0e,242,1024,2
66d9e1247beab6ea22949c0f,890,1003,2
66d9e1247beab6ea22949c10,629,1029,2
66d9e1247beab6ea22949c11,222,1046,5
66d9e1247beab6ea22949c12,685,1049,2
66d9e1247beab6ea22949c13,305,1043,1
66d9e1247beab6ea22949c14,392,1045,3
66d9e1247beab6ea22949c15,511,1009,5
66d9e1247beab6ea22949c16,975,1023,4
66d9e1247beab6ea22949c17,728,1029,4
66d9e1247beab6ea22949c18,44,1030,1
66d9e1247beab6ea22949c19,4,1018,1
66d9e1247beab6ea22949c1a,23,1041,3
66d9e1247beab6ea22949c1b,108,1017,5
66d9e1247beab6ea22949c1c,461,1049,2
66d9e1247beab6ea22949c1d,562,1037,1
66d9e1247beab6ea22949c1e,694,1041,5
66d9e1247beab6ea22949c1f,777,1015,2
66d9e1247beab6ea22949c20,62,1035,2
66d9e1247beab6ea22949c21,290,1042,5
66d9e1247beab6ea22949c22,565,1005,3
66d9e1247beab6ea22949c23,899,1047,3
66d9e1247beab6ea22949c24,827,1003,4
66d9e1247beab6ea22949c25,992,1044,2
66d9e1247beab6ea22949c26,519,1003,5
66d9e1247beab6ea22949c27,925,1037,5
66d9e1247beab6ea22949c28,810,1036,4
66d9e1247beab6ea22949c29,237,1025,2
66d9e1247beab6ea22949c2a,248,1027,4
66d9e1247beab6ea22949c2b,296,1007,4
66d9e1247beab6ea22949c2c,564,1017,2
66d9e1247beab6ea22949c2d,687,1047,2
66d9e1247beab6ea22949c2e,589,1011,4
66d9e1247beab6ea22949c2f,620,1046,2
66d9e1247beab6ea22949c30,691,1033,2
66d9e1247beab6ea22949c31,136,1013,5
66d9e1247beab6ea22949c32,724,1047,1
66d9e1247beab6ea22949c33,380,1027,1
66d9e1247beab6ea22949c34,814,1003,5
66d9e1247beab6ea22949c35,993,1042,2
66d9e1247beab6ea22949c36,308,1021,1
66d9e1247beab6ea22949c37,256,1049,2
66d9e1247beab6ea22949c38,962,1025,1
66d9e1247beab6ea22949c39,262,1041,5
66d9e1247beab6ea22949c3a,285,1024,1
66d9e1247beab6ea22949c3b,545,1042,1
66d9e1247beab6ea22949c3c,114,1050,1
66d9e1247beab6ea22949c3d,424,1017,2
66d9e1247beab6ea22949c3e,288,1016,5
66d9e1247beab6ea22949c3f,735,1012,2
66d9e1247beab6ea22949c40,50,1044,1
66d9e1247beab6ea22949c41,106,1027,3
66d9e1247beab6ea22949c42,662,1040,5
66d9e1247beab6ea22949c43,254,1022,1
66d9e1247beab6ea22949c44,810,1006,5
66d9e1247beab6ea22949c45,94,1020,2
66d9e1247beab6ea22949c46,159,1038,5
66d9e1247beab6ea22949c47,699,1030,4
66d9e1247beab6ea22949c48,761,1017,1
66d9e1247beab6ea22949c49,233,1028,1
66d9e1247beab6ea22949c4a,776,1027,5
66d9e1247beab6ea22949c4b,742,1028,1
66d9e1247beab6ea22949c4c,1000,1021,4
66d9e1247beab6ea22949c4d,939,1039,4
66d9e1247beab6ea22949c4e,966,1022,1
66d9e1247beab6ea22949c4f,390,1020,1
66d9e1247beab6ea22949c52,740,1031,1
66d9e1247beab6ea22949c53,699,1040,1
66d9e1247beab6ea22949c54,676,1010,3
66d9e1247beab6ea22949c55,634,1050,1
66d9e1247beab6ea22949c56,141,1047,3
66d9e1247beab6ea22949c57,253,1034,3
66d9e1247beab6ea22949c58,358,1005,5
66d9e1247beab6ea22949c59,425,1019,4
66d9e1247beab6ea22949c5a,534,1012,1
66d9e1247beab6ea22949c5b,953,1025,4
66d9e1247beab6ea22949c5c,692,1010,5
66d9e1247beab6ea22949c5d,962,1030,3
66d9e1247beab6ea22949c5e,571,1049,1
66d9e1247beab6ea22949c5f,677,1004,2
66d9e1247beab6ea22949c60,276,1026,1
66d9e1247beab6ea22949c61,891,1018,5
66d9e1247beab6ea22949c62,183,1027,5
66d9e1247beab6ea22949c63,375,1011,3
66d9e1247beab6ea22949c64,333,1036,1
66d9e1247beab6ea22949c65,764,1019,1
66d9e1247beab6ea22949c66,937,1044,3
66d9e1247beab6ea22949c67,658,1002,2
66d9e1247beab6ea22949c68,248,1032,5
66d9e1247beab6ea22949c69,487,1033,4
66d9e1247beab6ea22949c6a,455,1013,2
66d9e1247beab6ea22949c6b,408,1006,5
66d9e1247beab6ea22949c6c,712,1021,5
66d9e1247beab6ea22949c6d,280,1047,5
66d9e1247beab6ea22949c6e,874,1003,4
66d9e1247beab6ea22949c6f,360,1022,4
66d9e1247beab6ea22949c70,872,1014,5
66d9e1247beab6ea22949c71,809,1011,1
66d9e1247beab6ea22949c72,858,1024,1
66d9e1247beab6ea22949c73,304,1009,4
66d9e1247beab6ea22949c74,32,1018,5
66d9e1247beab6ea22949c75,407,1050,1
66d9e1247beab6ea22949c76,547,1002,2
66d9e1247beab6ea22949c77,882,1002,2
66d9e1247beab6ea22949c78,422,1044,4
66d9e1247beab6ea22949c79,135,1001,4
66d9e1247beab6ea22949c7a,938,1022,4
66d9e1247beab6ea22949c7b,978,1030,5
66d9e1247beab6ea22949c7c,328,1042,5
66d9e1247beab6ea22949c7d,206,1009,2
66d9e1247beab6ea22949c7e,963,1044,3
66d9e1247beab6ea22949c7f,377,1005,2
66d9e1247beab6ea22949c80,383,1028,5
66d9e1247beab6ea22949c81,746,1016,4
66d9e1247beab6ea22949c82,424,1026,2
66d9e1247beab6ea22949c83,543,1007,2
66d9e1247beab6ea22949c84,235,1025,2
66d9e1247beab6ea22949c85,689,1019,4
66d9e1247beab6ea22949c86,795,1040,2
66d9e1247beab6ea22949c87,284,1049,3
66d9e1247beab6ea22949c88,586,1030,3
66d9e1247beab6ea22949c89,856,1041,2
66d9e1247beab6ea22949c8a,312,1029,2
66d9e1247beab6ea22949c8b,770,1006,5
66d9e1247beab6ea22949c8c,376,1018,1
66d9e1247beab6ea22949c8d,298,1023,3
66d9e1247beab6ea22949c8e,245,1023,5
66d9e1247beab6ea22949c8f,278,1046,4
66d9e1247beab6ea22949c90,35,1036,3
66d9e1247beab6ea22949c91,71,1049,5
66d9e1247beab6ea22949c94,663,1025,4
66d9e1247beab6ea22949c95,952,1030,3
66d9e1247beab6ea22949c96,608,1035,3
66d9e1247beab6ea22949c97,942,1016,5
66d9e1247beab6ea22949c98,558,1020,2
66d9e1247beab6ea22949c99,6,1011,5
66d9e1247beab6ea22949c9a,565,1050,4
66d9e1247beab6ea22949c9b,65,1035,3
66d9e1247beab6ea22949c9c,523,1042,5
66d9e1247beab6ea22949c9d,793,1024,4
66d9e1247beab6ea22949c9e,856,1033,2
66d9e1247beab6ea22949c9f,598,1030,5
66d9e1247beab6ea22949ca0,371,1026,1
66d9e1247beab6ea22949ca1,760,1008,2
66d9e1247beab6ea22949ca2,227,1025,4
66d9e1247beab6ea22949ca3,831,1011,1
66d9e1247beab6ea22949ca4,609,1040,1
66d9e1247beab6ea22949ca5,625,1031,4
66d9e1247beab6ea22949ca6,373,1026,1
66d9e1247beab6ea22949ca7,262,1028,5
66d9e1247beab6ea22949ca8,527,1031,3
66d9e1247beab6ea22949ca9,464,1027,4
66d9e1247beab6ea22949caa,870,1040,5
66d9e1247beab6ea22949cab,363,1004,3
66d9e1247beab6ea22949cac,434,1018,1
66d9e1247beab6ea22949cad,319,1035,3
66d9e1247beab6ea22949cae,394,1005,3
66d9e1247beab6ea22949caf,806,1033,1
66d9e1247beab6ea22949cb0,179,1042,3
66d9e1247beab6ea22949cb1,168,1021,3
66d9e1247beab6ea22949cb2,162,1027,4
66d9e1247beab6ea22949cb3,543,1011,4
66d9e1247beab6ea22949cb4,125,1026,5
66d9e1247beab6ea22949cb5,745,1017,1
66d9e1247beab6ea22949cb6,694,1026,1
66d9e1247beab6ea22949cb7,756,1048,1
66d9e1247beab6ea22949cb8,907,1048,4
66d9e1247beab6ea22949cb9,739,1002,1
66d9e1247beab6ea22949cba,212,1012,3
66d9e1247beab6ea22949cbb,893,1050,3
66d9e1247beab6ea22949cbc,137,1035,2
66d9e1247beab6ea22949cbd,559,1025,5
66d9e1247beab6ea22949cbe,145,1021,3
66d9e1247beab6ea22949cbf,857,1003,4
66d9e1247beab6ea22949cc0,19,1012,4
66d9e1247beab6ea22949cc1,70,1019,4
66d9e1247beab6ea22949cc2,833,1014,2
66d9e1247beab6ea22949cc3,739,1004,2
66d9e1247beab6ea22949cc4,995,1015,1
66d9e1247beab6ea22949cc5,577,1020,5
66d9e1247beab6ea22949cc6,787,1030,4
66d9e1247beab6ea22949cc7,342,1010,3
66d9e1247beab6ea22949cc8,566,1014,3
66d9e1247beab6ea22949cc9,99,1008,2
66d9e1247beab6ea22949cca,131,1023,1
66d9e1247beab6ea22949ccb,441,1005,4
66d9e1247beab6ea22949ccc,859,1031,2
66d9e1247beab6ea22949ccd,670,1024,4
66d9e1247beab6ea22949cce,646,1031,2
66d9e1247beab6ea22949ccf,197,1041,1
66d9e1247beab6ea22949cd0,852,1017,1
66d9e1247beab6ea22949cd1,205,1006,1
66d9e1247beab6ea22949cd2,915,1044,3
66d9e1247beab6ea22949cd3,850,1003,5
66d9e1247beab6ea22949cd6,4,1026,1
66d9e1247beab6ea22949cd7,752,1035,2
66d9e1247beab6ea22949cd8,228,1009,3
66d9e1247beab6ea22949cd9,59,1021,3
66d9e1247beab6ea22949cda,816,1003,4
66d9e1247beab6ea22949cdb,849,1038,1
66d9e1247beab6ea22949cdc,268,1017,3
66d9e1247beab6ea22949cdd,886,1007,4
66d9e1247beab6ea22949cde,236,1026,4
66d9e1247beab6ea22949cdf,87,1013,3
66d9e1247beab6ea22949ce0,823,1041,1
66d9e1247beab6ea22949ce1,44,1010,1
66d9e1247beab6ea22949ce2,123,1042,5
66d9e1247beab6ea22949ce3,381,1030,4
66d9e1247beab6ea22949ce4,685,1039,1
66d9e1247beab6ea22949ce5,917,1038,2
66d9e1247beab6ea22949ce6,830,1016,1
66d9e1247beab6ea22949ce7,28,1027,3
66d9e1247beab6ea22949ce8,739,1029,2
66d9e1247beab6ea22949ce9,805,1013,5
66d9e1247beab6ea22949cea,898,1013,4
66d9e1247beab6ea22949ceb,76,1047,3
66d9e1247beab6ea22949cec,193,1047,5
66d9e1247beab6ea22949ced,255,1023,4
66d9e1247beab6ea22949cee,342,1021,3
66d9e1247beab6ea22949cef,656,1044,2
66d9e1247beab6ea22949cf0,877,1015,5
66d9e1247beab6ea22949cf1,583,1029,5
66d9e1247beab6ea22949cf2,315,1013,4
66d9e1247beab6ea22949cf3,748,1027,2
66d9e1247beab6ea22949cf4,648,1023,2
66d9e1247beab6ea22949cf5,149,1009,2
66d9e1247beab6ea22949cf6,701,1035,1
66d9e1247beab6ea22949cf7,458,1047,3
66d9e1247beab6ea22949cf8,212,1027,1
66d9e1247beab6ea22949cf9,793,1021,3
66d9e1247beab6ea22949cfa,296,1004,1
66d9e1247beab6ea22949cfb,748,1018,1
66d9e1247beab6ea22949cfc,616,1014,4
66d9e1247beab6ea22949cfd,815,1048,4
66d9e1247beab6ea22949cfe,894,1031,5
66d9e1247beab6ea22949cff,739,1015,3
66d9e1247beab6ea22949d00,216,1005,5
66d9e1247beab6ea22949d01,144,1019,2
66d9e1247beab6ea22949d02,61,1001,4
66d9e1247beab6ea22949d03,864,1040,1
66d9e1247beab6ea22949d04,948,1043,5
66d9e1247beab6ea22949d05,465,1044,4
66d9e1247beab6ea22949d06,661,1048,3
66d9e1247beab6ea22949d07,441,1035,5
66d9e1247beab6ea22949d08,399,1037,3
66d9e1247beab6ea22949d09,896,1011,1
66d9e1247beab6ea22949d0a,202,1001,1
66d9e1247beab6ea22949d0b,30,1019,1
66d9e1247beab6ea22949d0c,155,1038,5
66d9e1247beab6ea22949d0d,297,1022,2
66d9e1247beab6ea22949d0e,738,1016,4
66d9e1247beab6ea22949d0f,169,1022,3
66d9e1247beab6ea22949d10,216,1039,4
66d9e1247beab6ea22949d11,658,1049,5
66d9e1247beab6ea22949d12,587,1015,2
66d9e1247beab6ea22949d13,117,1026,2
66d9e1247beab6ea22949d14,110,1028,5
66d9e1247beab6ea22949d15,880,1049,1
66d9e1247beab6ea22949d18,493,1027,1
66d9e1247beab6ea22949d19,732,1009,4
66d9e1247beab6ea22949d1a,6,1008,4
66d9e1247beab6ea22949d1b,946,1014,1
66d9e1247beab6ea22949d1c,921,1020,3
66d9e1247beab6ea22949d1d,190,1010,4
66d9e1247beab6ea22949d1e,670,1021,3
66d9e1247beab6ea22949d1f,309,1009,3
66d9e1247beab6ea22949d20,938,1049,2
66d9e1247beab6ea22949d21,554,1037,4
66d9e1247beab6ea22949d22,839,1001,3
66d9e1247beab6ea22949d23,694,1048,1
66d9e1247beab6ea22949d24,413,1048,4
66d9e1247beab6ea22949d25,454,1032,3
66d9e1247beab6ea22949d26,903,1030,5
66d9e1247beab6ea22949d27,264,1005,3
66d9e1247beab6ea22949d28,928,1018,5
66d9e1247beab6ea22949d29,96,1017,3
66d9e1247beab6ea22949d2a,523,1024,5
66d9e1247beab6ea22949d2b,179,1044,3
66d9e1247beab6ea22949d2c,607,1023,2
66d9e1247beab6ea22949d2d,40,1044,5
66d9e1247beab6ea22949d2e,43,1029,4
66d9e1247beab6ea22949d2f,263,1025,3
66d9e1247beab6ea22949d30,677,1015,3
66d9e1247beab6ea22949d31,347,1034,1
66d9e1247beab6ea22949d32,941,1019,2
66d9e1247beab6ea22949d33,833,1011,1
66d9e1247beab6ea22949d34,297,1028,4
66d9e1247beab6ea22949d35,539,1021,4
66d9e1247beab6ea22949d36,844,1017,1
66d9e1247beab6ea22949d37,879,1009,3
66d9e1247beab6ea22949d38,590,1016,4
66d9e1247beab6ea22949d39,323,1027,4
66d9e1247beab6ea22949d3a,215,1003,2
66d9e1247beab6ea22949d3b,415,1022,3
66d9e1247beab6ea22949d3c,87,1009,5
66d9e1247beab6ea22949d3d,557,1030,5
66d9e1247beab6ea22949d3e,13,1019,3
66d9e1247beab6ea22949d3f,723,1044,1
66d9e1247beab6ea22949d40,872,1040,5
66d9e1247beab6ea22949d41,352,1011,1
66d9e1247beab6ea22949d42,805,1028,3
66d9e1247beab6ea22949d43,315,1004,4
66d9e1247beab6ea22949d44,195,1002,4
66d9e1247beab6ea22949d45,420,1018,3
66d9e1247beab6ea22949d46,189,1038,4
66d9e1247beab6ea22949d47,43,1010,1
66d9e1247beab6ea22949d48,874,1010,3
66d9e1247beab6ea22949d49,807,1016,4
66d9e1247beab6ea22949d4a,914,1031,5
66d9e1247beab6ea22949d4b,564,1014,2
66d9e1247beab6ea22949d4c,480,1001,3
66d9e1247beab6ea22949d4d,582,1038,2
66d9e1247beab6ea22949d4e,248,1047,5
66d9e1247beab6ea22949d4f,23,1026,2
66d9e1247beab6ea22949d50,961,1027,2
66d9e1247beab6ea22949d51,164,1043,5
66d9e1247beab6ea22949d52,818,1048,5
66d9e1247beab6ea22949d53,299,1013,1
66d9e1247beab6ea22949d54,566,1046,4
66d9e1247beab6ea22949d55,724,1038,3
66d9e1247beab6ea22949d56,59,1016,3
66d9e1247beab6ea22949d57,656,1018,3
66d9e1247beab6ea22949d5a,372,1034,1
66d9e1247beab6ea22949d5b,571,1024,2
66d9e1247beab6ea22949d5c,350,1016,5
66d9e1247beab6ea22949d5d,268,1014,1
66d9e1247beab6ea22949d5e,442,1033,3
66d9e1247beab6ea22949d5f,689,1026,5
66d9e1247beab6ea22949d60,715,1010,1
66d9e1247beab6ea22949d61,313,1007,1
66d9e1247beab6ea22949d62,227,1006,5
66d9e1247beab6ea22949d63,731,1013,4
66d9e1247beab6ea22949d64,422,1047,3
66d9e1247beab6ea22949d65,673,1032,1
66d9e1247beab6ea22949d66,752,1016,3
66d9e1247beab6ea22949d67,894,1039,5
66d9e1247beab6ea22949d68,397,1031,1
66d9e1247beab6ea22949d69,726,1025,1
66d9e1247beab6ea22949d6a,670,1017,3
66d9e1247beab6ea22949d6b,815,1047,5
66d9e1247beab6ea22949d6c,380,1048,2
66d9e1247beab6ea22949d6d,1,1049,2
66d9e1247beab6ea22949d6e,208,1033,2
66d9e1247beab6ea22949d6f,573,1047,4
66d9e1247beab6ea22949d70,432,1014,5
66d9e1247beab6ea22949d71,184,1006,3
66d9e1247beab6ea22949d72,694,1020,5
66d9e1247beab6ea22949d73,520,1023,2
66d9e1247beab6ea22949d74,55,1032,1
66d9e1247beab6ea22949d75,902,1020,4
66d9e1247beab6ea22949d76,657,1036,2
66d9e1247beab6ea22949d77,626,1020,2
66d9e1247beab6ea22949d78,708,1032,2
66d9e1247beab6ea22949d79,763,1034,1
66d9e1247beab6ea22949d7a,994,1013,1
66d9e1247beab6ea22949d7b,626,1038,2
66d9e1247beab6ea22949d7c,836,1008,5
66d9e1247beab6ea22949d7d,223,1021,5
66d9e1247beab6ea22949d7e,171,1040,1
66d9e1247beab6ea22949d7f,776,1006,2
66d9e1247beab6ea22949d80,69,1013,5
66d9e1247beab6ea22949d81,96,1025,2
66d9e1247beab6ea22949d82,492,1024,5
66d9e1247beab6ea22949d83,245,1033,3
66d9e1247beab6ea22949d84,342,1005,1
66d9e1247beab6ea22949d85,476,1041,2
66d9e1247beab6ea22949d86,950,1050,5
66d9e1247beab6ea22949d87,407,1017,1
66d9e1247beab6ea22949d88,888,1013,4
66d9e1247beab6ea22949d89,331,1017,5
66d9e1247beab6ea22949d8a,968,1018,4
66d9e1247beab6ea22949d8b,667,1012,4
66d9e1247beab6ea22949d8c,744,1027,1
66d9e1247beab6ea22949d8d,209,1012,1
66d9e1247beab6ea22949d8e,982,1023,5
66d9e1247beab6ea22949d8f,71,1026,5
66d9e1247beab6ea22949d90,110,1014,4
66d9e1247beab6ea22949d91,752,1040,3
66d9e1247beab6ea22949d92,345,1037,4
66d9e1247beab6ea22949d93,122,1007,4
66d9e1247beab6ea22949d94,331,1037,3
66d9e1247beab6ea22949d95,893,1021,4
66d9e1247beab6ea22949d96,823,1042,3
66d9e1247beab6ea22949d97,921,1004,2
66d9e1247beab6ea22949d98,396,1049,1
66d9e1247beab6ea22949d99,274,1020,1
66d9e1247beab6ea22949d9d,911,1042,3
66d9e1247beab6ea22949d9e,215,1001,3
66d9e1247beab6ea22949d9f,114,1022,1
66d9e1247beab6ea22949da0,893,1005,4
66d9e1247beab6ea22949da1,244,1028,3
66d9e1247beab6ea22949da2,449,1037,4
66d9e1247beab6ea22949da3,3,1017,3
66d9e1247beab6ea22949da4,98,1006,5
66d9e1247beab6ea22949da5,756,1019,1
66d9e1247beab6ea22949da6,941,1047,5
66d9e1247beab6ea22949da7,225,1013,1
66d9e1247beab6ea22949da8,376,1024,5
66d9e1247beab6ea22949da9,796,1040,5
66d9e1247beab6ea22949daa,53,1042,2
66d9e1247beab6ea22949dab,199,1039,5
66d9e1247beab6ea22949dac,844,1001,2
66d9e1247beab6ea22949dad,90,1044,5
66d9e1247beab6ea22949dae,926,1001,1
66d9e1247beab6ea22949daf,721,1029,5
66d9e1247beab6ea22949db0,180,1042,2
66d9e1247beab6ea22949db1,127,1004,4
66d9e1247beab6ea22949db2,787,1006,5
66d9e1247beab6ea22949db3,306,1006,4
66d9e1247beab6ea22949db4,367,1045,5
66d9e1247beab6ea22949db5,196,1010,1
66d9e1247beab6ea22949db6,861,1019,1
66d9e1247beab6ea22949db7,553,1007,2
66d9e1247beab6ea22949db8,694,1022,4
66d9e1247beab6ea22949db9,39,1011,5
66d9e1247beab6ea22949dba,908,1023,1
66d9e1247beab6ea22949dbb,563,1043,2
66d9e1247beab6ea22949dbc,907,1025,3
66d9e1247beab6ea22949dbd,1000,1036,3
66d9e1247beab6ea22949dbe,897,1012,4
66d9e1247beab6ea22949dbf,761,1010,1
66d9e1247beab6ea22949dc0,164,1005,2
66d9e1247beab6ea22949dc1,285,1042,5
66d9e1247beab6ea22949dc2,641,1020,2
66d9e1247beab6ea22949dc3,398,1001,5
66d9e1247beab6ea22949dc4,266,1050,3
66d9e1247beab6ea22949dc5,297,1033,3
66d9e1247beab6ea22949dc6,648,1042,2
66d9e1247beab6ea22949dc7,233,1044,1
66d9e1247beab6ea22949dc8,102,1035,2
66d9e1247beab6ea22949dc9,173,1006,1
66d9e1247beab6ea22949dca,265,1040,3
66d9e1247beab6ea22949dcb,53,1026,1
66d9e1247beab6ea22949dcc,353,1024,1
66d9e1247beab6ea22949dcd,651,1019,3
66d9e1247beab6ea22949dce,222,1032,2
66d9e1247beab6ea22949dcf,526,1008,1
66d9e1247beab6ea22949dd0,604,1027,1
66d9e1247beab6ea22949dd1,10,1019,3
66d9e1247beab6ea22949dd2,350,1025,3
66d9e1247beab6ea22949dd3,975,1045,2
66d9e1247beab6ea22949dd4,672,1019,5
66d9e1247beab6ea22949dd5,961,1001,1
66d9e1247beab6ea22949dd6,325,1020,1
66d9e1247beab6ea22949dd7,735,1044,4
66d9e1247beab6ea22949dd8,78,1036,5
66d9e1247beab6ea22949dd9,555,1006,1
66d9e1247beab6ea22949dda,189,1006,3
66d9e1247beab6ea22949ddb,102,1039,3
66d9e1247beab6ea22949ddc,605,1031,4
66d9e1247beab6ea22949de0,543,1006,1
66d9e1247beab6ea22949de1,645,1017,2
66d9e1247beab6ea22949de2,151,1046,5
66d9e1247beab6ea22949de3,956,1043,4
66d9e1247beab6ea22949de4,553,1011,2
66d9e1247beab6ea22949de5,700,1026,5
66d9e1247beab6ea22949de6,712,1027,1
66d9e1247beab6ea22949de7,103,1044,3
66d9e1247beab6ea22949de8,916,1042,1
66d9e1247beab6ea22949de9,714,1042,3
66d9e1247beab6ea22949dea,821,1040,1
66d9e1247beab6ea22949deb,695,1036,1
66d9e1247beab6ea22949dec,485,1001,3
66d9e1247beab6ea22949ded,913,1020,3
66d9e1247beab6ea22949dee,628,1039,3
66d9e1247beab6ea22949def,185,1045,4
66d9e1247beab6ea22949df0,967,1025,4
66d9e1247beab6ea22949df1,561,1004,4
66d9e1247beab6ea22949df2,851,1002,2
66d9e1247beab6ea22949df3,865,1041,1
66d9e1247beab6ea22949df4,608,1031,2
66d9e1247beab6ea22949df5,936,1035,3
66d9e1247beab6ea22949df6,301,1045,2
66d9e1247beab6ea22949df7,988,1043,5
66d9e1247beab6ea22949df8,432,1018,2
66d9e1247beab6ea22949df9,244,1015,5
66d9e1247beab6ea22949dfa,644,1025,2
66d9e1247beab6ea22949dfb,173,1010,5
66d9e1247beab6ea22949dfc,870,1011,3
66d9e1247beab6ea22949dfd,129,1040,1
66d9e1247beab6ea22949dfe,123,1001,1
66d9e1247beab6ea22949dff,351,1019,5
66d9e1247beab6ea22949e00,172,1023,2
66d9e1247beab6ea22949e01,494,1039,5
66d9e1247beab6ea22949e02,634,1006,5
66d9e1247beab6ea22949e03,843,1040,4
66d9e1247beab6ea22949e04,743,1033,1
66d9e1247beab6ea22949e05,617,1001,4
66d9e1247beab6ea22949e06,995,1012,3
66d9e1247beab6ea22949e07,624,1004,1
66d9e1247beab6ea22949e08,596,1004,2
66d9e1247beab6ea22949e09,426,1019,2
66d9e1247beab6ea22949e0a,753,1025,2
66d9e1247beab6ea22949e0b,90,1029,2
66d9e1247beab6ea22949e0c,333,1028,5
66d9e1247beab6ea22949e0d,776,1033,3
66d9e1247beab6ea22949e0e,928,1030,1
66d9e1247beab6ea22949e0f,420,1024,1
66d9e1247beab6ea22949e10,186,1002,1
66d9e1247beab6ea22949e11,759,1050,1
66d9e1247beab6ea22949e12,58,1036,3
66d9e1247beab6ea22949e13,585,1038,3
66d9e1247beab6ea22949e14,103,1019,1
66d9e1247beab6ea22949e15,296,1034,1
66d9e1247beab6ea22949e16,215,1044,5
66d9e1247beab6ea22949e17,878,1022,3
66d9e1247beab6ea22949e18,575,1004,5
66d9e1247beab6ea22949e19,719,1008,5
66d9e1247beab6ea22949e1a,269,1045,4
66d9e1247beab6ea22949e1b,891,1032,4
66d9e1247beab6ea22949e1c,286,1011,5
66d9e1247beab6ea22949e1d,677,1012,3
66d9e1247beab6ea22949e1e,915,1035,4
66d9e1247beab6ea22949e1f,387,1003,4
66d9e1247beab6ea22949e23,589,1014,4
66d9e1247beab6ea22949e24,130,1038,2
66d9e1247beab6ea22949e25,185,1005,3
66d9e1247beab6ea22949e26,904,1025,2
66d9e1247beab6ea22949e27,232,1046,3
66d9e1247beab6ea22949e28,506,1036,4
66d9e1247beab6ea22949e29,567,1047,2
66d9e1247beab6ea22949e2a,284,1019,2
66d9e1247beab6ea22949e2b,128,1024,3
66d9e1247beab6ea22949e2c,650,1017,4
66d9e1247beab6ea22949e2d,207,1013,3
66d9e1247beab6ea22949e2e,741,1041,2
66d9e1247beab6ea22949e2f,20,1044,5
66d9e1247beab6ea22949e30,767,1018,3
66d9e1247beab6ea22949e31,537,1037,4
66d9e1247beab6ea22949e32,499,1038,5
66d9e1247beab6ea22949e33,613,1018,3
66d9e1247beab6ea22949e34,477,1003,3
66d9e1247beab6ea22949e35,264,1046,4
66d9e1247beab6ea22949e36,928,1005,5
66d9e1247beab6ea22949e37,317,1043,3
66d9e1247beab6ea22949e38,348,1016,4
66d9e1247beab6ea22949e39,177,1017,1
66d9e1247beab6ea22949e3a,598,1033,5
66d9e1247beab6ea22949e3b,42,1019,5
66d9e1247beab6ea22949e3c,189,1020,3
66d9e1247beab6ea22949e3d,909,1006,3
66d9e1247beab6ea22949e3e,594,1011,3
66d9e1247beab6ea22949e3f,624,1002,2
66d9e1247beab6ea22949e40,866,1047,1
66d9e1247beab6ea22949e41,551,1048,5
66d9e1247beab6ea22949e42,148,1011,2
66d9e1247beab6ea22949e43,282,1022,4
66d9e1247beab6ea22949e44,613,1026,5
66d9e1247beab6ea22949e45,209,1014,5
66d9e1247beab6ea22949e46,499,1040,4
66d9e1247beab6ea22949e47,868,1048,5
66d9e1247beab6ea22949e48,893,1030,4
66d9e1247beab6ea22949e49,810,1009,3
66d9e1247beab6ea22949e4a,157,1018,2
66d9e1247beab6ea22949e4b,683,1040,4
66d9e1247beab6ea22949e4c,101,1049,4
66d9e1247beab6ea22949e4d,632,1030,5
66d9e1247beab6ea22949e4e,304,1040,1
66d9e1247beab6ea22949e4f,267,1039,4
66d9e1247beab6ea22949e50,48,1047,2
66d9e1247beab6ea22949e51,359,1028,3
66d9e1247beab6ea22949e52,15,1033,2
66d9e1247beab6ea22949e53,16,1047,4
66d9e1247beab6ea22949e54,537,1046,1
66d9e1247beab6ea22949e55,211,1042,3
66d9e1247beab6ea22949e56,13,1001,1
66d9e1247beab6ea22949e57,39,1047,2
66d9e1247beab6ea22949e58,767,1035,4
66d9e1247beab6ea22949e59,271,1018,3
66d9e1247beab6ea22949e5a,922,1010,5
66d9e1247beab6ea22949e5b,256,1010,5
66d9e1247beab6ea22949e5c,477,1018,3
66d9e1247beab6ea22949e5d,849,1035,3
66d9e1247beab6ea22949e5e,314,1037,2
66d9e1247beab6ea22949e5f,401,1004,2
66d9e1247beab6ea22949e60,687,1041,4
66d9e1247beab6ea22949e61,141,1011,2
66d9e1247beab6ea22949e62,943,1048,3
66d9e1247beab6ea22949e65,869,1033,1
66d9e1247beab6ea22949e66,522,1029,1
66d9e1247beab6ea22949e67,379,1024,4
66d9e1247beab6ea22949e68,352,1030,2
66d9e1247beab6ea22949e69,820,1035,1
66d9e1247beab6ea22949e6a,429,1002,4
66d9e1247beab6ea22949e6b,935,1030,1
66d9e1247beab6ea22949e6c,814,1037,1
66d9e1247beab6ea22949e6d,689,1024,3
66d9e1247beab6ea22949e6e,969,1004,5
66d9e1247beab6ea22949e6f,997,1037,3
66d9e1247beab6ea22949e70,924,1033,5
66d9e1247beab6ea22949e71,996,1004,3
66d9e1247beab6ea22949e72,477,1001,1
66d9e1247beab6ea22949e73,349,1049,1
66d9e1247beab6ea22949e74,827,1043,5
66d9e1247beab6ea22949e75,612,1031,2
66d9e1247beab6ea22949e76,302,1048,4
66d9e1247beab6ea22949e77,48,1002,1
66d9e1247beab6ea22949e78,683,1021,3
66d9e1247beab6ea22949e79,671,1020,2
66d9e1247beab6ea22949e7a,404,1013,5
66d9e1247beab6ea22949e7b,24,1012,2
66d9e1247beab6ea22949e7c,184,1021,3
66d9e1247beab6ea22949e7d,183,1047,2
66d9e1247beab6ea22949e7e,93,1013,4
66d9e1247beab6ea22949e7f,337,1032,2
66d9e1247beab6ea22949e80,334,1011,2
66d9e1247beab6ea22949e81,756,1014,4
66d9e1247beab6ea22949e82,130,1032,4
66d9e1247beab6ea22949e83,46,1044,4
66d9e1247beab6ea22949e84,352,1031,1
66d9e1247beab6ea22949e85,520,1010,4
66d9e1247beab6ea22949e86,644,1017,2
66d9e1247beab6ea22949e87,101,1001,3
66d9e1247beab6ea22949e88,781,1015,3
66d9e1247beab6ea22949e89,756,1015,1
66d9e1247beab6ea22949e8a,697,1038,1
66d9e1247beab6ea22949e8b,805,1017,4
66d9e1247beab6ea22949e8c,205,1024,3
66d9e1247beab6ea22949e8d,171,1012,4
66d9e1247beab6ea22949e8e,948,1020,4
66d9e1247beab6ea22949e8f,342,1043,3
66d9e1247beab6ea22949e90,834,1039,4
66d9e1247beab6ea22949e91,793,1044,3
66d9e1247beab6ea22949e92,692,1007,4
66d9e1247beab6ea22949e93,127,1037,3
66d9e1247beab6ea22949e94,827,1047,3
66d9e1247beab6ea22949e95,175,1039,1
66d9e1247beab6ea22949e96,836,1015,2
66d9e1247beab6ea22949e97,637,1019,4
66d9e1247beab6ea22949e98,25,1036,2
66d9e1247beab6ea22949e99,371,1004,5
66d9e1247beab6ea22949e9a,972,1015,1
66d9e1247beab6ea22949e9b,751,1008,1
66d9e1247beab6ea22949e9c,491,1010,2
66d9e1247beab6ea22949e9d,407,1028,2
66d9e1247beab6ea22949e9e,408,1003,5
66d9e1247beab6ea22949e9f,695,1025,4
66d9e1247beab6ea22949ea0,529,1010,1
66d9e1247beab6ea22949ea1,544,1005,4
66d9e1247beab6ea22949ea2,52,1028,2
66d9e1247beab6ea22949ea3,797,1006,5
66d9e1247beab6ea22949ea4,671,1008,3
66d9e1247beab6ea22949ea8,209,1007,5
66d9e1247beab6ea22949ea9,786,1011,5
66d9e1247beab6ea22949eaa,984,1013,5
66d9e1247beab6ea22949eab,686,1034,4
66d9e1247beab6ea22949eac,319,1042,4
66d9e1247beab6ea22949ead,285,1010,5
66d9e1247beab6ea22949eae,272,1027,2
66d9e1247beab6ea22949eaf,942,1010,5
66d9e1247beab6ea22949eb0,840,1017,5
66d9e1247beab6ea22949eb1,786,1008,5
66d9e1247beab6ea22949eb2,514,1046,2
66d9e1247beab6ea22949eb3,268,1019,3
66d9e1247beab6ea22949eb4,628,1032,4
66d9e1247beab6ea22949eb5,901,1032,4
66d9e1247beab6ea22949eb6,881,1012,5
66d9e1247beab6ea22949eb7,343,1005,1
66d9e1247beab6ea22949eb8,869,1002,3
66d9e1247beab6ea22949eb9,160,1046,1
66d9e1247beab6ea22949eba,68,1011,3
66d9e1247beab6ea22949ebb,532,1048,2
66d9e1247beab6ea22949ebc,888,1022,1
66d9e1247beab6ea22949ebd,481,1005,4
66d9e1247beab6ea22949ebe,862,1037,4
66d9e1247beab6ea22949ebf,114,1030,3
66d9e1247beab6ea22949ec0,511,1050,1
66d9e1247beab6ea22949ec1,710,1016,5
66d9e1247beab6ea22949ec2,113,1042,5
66d9e1247beab6ea22949ec3,390,1027,4
66d9e1247beab6ea22949ec4,673,1026,3
66d9e1247beab6ea22949ec5,899,1010,3
66d9e1247beab6ea22949ec6,636,1036,5
66d9e1247beab6ea22949ec7,122,1044,4
66d9e1247beab6ea22949ec8,120,1006,2
66d9e1247beab6ea22949ec9,877,1026,5
66d9e1247beab6ea22949eca,713,1047,4
66d9e1247beab6ea22949ecb,943,1004,3
66d9e1247beab6ea22949ecc,778,1035,3
66d9e1247beab6ea22949ecd,989,1003,4
66d9e1247beab6ea22949ece,839,1008,4
66d9e1247beab6ea22949ecf,187,1030,3
66d9e1247beab6ea22949ed0,28,1019,2
66d9e1247beab6ea22949ed1,525,1040,2
66d9e1247beab6ea22949ed2,63,1049,2
66d9e1247beab6ea22949ed3,857,1047,4
66d9e1247beab6ea22949ed4,672,1016,4
66d9e1247beab6ea22949ed5,4,1004,4
66d9e1247beab6ea22949ed6,543,1014,1
66d9e1247beab6ea22949ed7,3,1042,4
66d9e1247beab6ea22949ed8,53,1029,4
66d9e1247beab6ea22949ed9,679,1011,1
66d9e1247beab6ea22949eda,653,1036,4
66d9e1247beab6ea22949edb,909,1018,1
66d9e1247beab6ea22949edc,250,1045,2
66d9e1247beab6ea22949edd,696,1001,5
66d9e1247beab6ea22949ede,587,1030,4
66d9e1247beab6ea22949edf,954,1050,1
66d9e1247beab6ea22949ee0,508,1047,3
66d9e1247beab6ea22949ee1,348,1041,4
66d9e1247beab6ea22949ee2,75,1035,2
66d9e1247beab6ea22949ee3,722,1001,5
66d9e1247beab6ea22949ee4,63,1044,3
66d9e1247beab6ea22949ee5,652,1038,5
66d9e1247beab6ea22949ee6,7,1028,5
66d9e1247beab6ea22949ee7,180,1046,1
66d9e1247beab6ea22949eeb,796,1030,1
66d9e1247beab6ea22949eec,765,1023,4
66d9e1247beab6ea22949eed,342,1037,2
66d9e1247beab6ea22949eee,874,1047,2
66d9e1247beab6ea22949eef,15,1036,5
66d9e1247beab6ea22949ef0,829,1046,2
66d9e1247beab6ea22949ef1,384,1036,1
66d9e1247beab6ea22949ef2,64,1016,5
66d9e1247beab6ea22949ef3,875,1016,2
66d9e1247beab6ea22949ef4,176,1038,1
66d9e1247beab6ea22949ef5,877,1011,4
66d9e1247beab6ea22949ef6,807,1035,2
66d9e1247beab6ea22949ef7,648,1002,5
66d9e1247beab6ea22949ef8,477,1039,2
66d9e1247beab6ea22949ef9,953,1044,2
66d9e1247beab6ea22949efa,486,1029,2
66d9e1247beab6ea22949efb,574,1022,2
66d9e1247beab6ea22949efc,766,1027,1
66d9e1247beab6ea22949efd,780,1033,5
66d9e1247beab6ea22949efe,244,1040,4
66d9e1247beab6ea22949eff,38,1034,1
66d9e1247beab6ea22949f00,981,1005,1
66d9e1247beab6ea22949f01,144,1036,3
66d9e1247beab6ea22949f02,208,1015,5
66d9e1247beab6ea22949f03,589,1021,5
66d9e1247beab6ea22949f04,491,1037,2
66d9e1247beab6ea22949f05,927,1025,1
66d9e1247beab6ea22949f06,621,1041,4
66d9e1247beab6ea22949f07,258,1037,5
66d9e1247beab6ea22949f08,152,1011,4
66d9e1247beab6ea22949f09,7,1013,3
66d9e1247beab6ea22949f0a,962,1049,2
66d9e1247beab6ea22949f0b,609,1036,1
66d9e1247beab6ea22949f0c,145,1046,1
66d9e1247beab6ea22949f0d,502,1008,2
66d9e1247beab6ea22949f0e,8,1002,2
66d9e1247beab6ea22949f0f,618,1041,2
66d9e1247beab6ea22949f10,728,1044,4
66d9e1247beab6ea22949f11,28,1017,1
66d9e1247beab6ea22949f12,70,1042,1
66d9e1247beab6ea22949f13,72,1048,3
66d9e1247beab6ea22949f14,910,1049,5
66d9e1247beab6ea22949f15,184,1003,3
66d9e1247beab6ea22949f16,67,1036,4
66d9e1247beab6ea22949f17,439,1001,1
66d9e1247beab6ea22949f18,92,1024,1
66d9e1247beab6ea22949f19,27,1043,5
66d9e1247beab6ea22949f1a,624,1021,3
66d9e1247beab6ea22949f1b,261,1047,1
66d9e1247beab6ea22949f1c,423,1045,1
66d9e1247beab6ea22949f1d,138,1012,3
66d9e1247beab6ea22949f1e,554,1028,3
66d9e1247beab6ea22949f1f,795,1012,1
66d9e1247beab6ea22949f20,163,1046,4
66d9e1247beab6ea22949f21,328,1021,3
66d9e1247beab6ea22949f22,816,1031,5
66d9e1247beab6ea22949f23,722,1024,2
66d9e1247beab6ea22949f24,330,1016,4
66d9e1247beab6ea22949f25,67,1024,5
66d9e1247beab6ea22949f26,612,1015,2
66d9e1247beab6ea22949f27,66,1030,4
66d9e1247beab6ea22949f28,210,1044,4
66d9e1247beab6ea22949f29,282,1018,3
66d9e1247beab6ea22949f2a,354,1010,3
66d9e1247beab6ea22949f2e,602,1050,1
66d9e1247beab6ea22949f2f,81,1024,5
66d9e1247beab6ea22949f30,49,1010,5
66d9e1247beab6ea22949f31,3,1009,3
66d9e1247beab6ea22949f32,378,1022,4
66d9e1247beab6ea22949f33,749,1036,3
66d9e1247beab6ea22949f34,537,1026,1
66d9e1247beab6ea22949f35,738,1050,5
66d9e1247beab6ea22949f36,470,1045,5
66d9e1247beab6ea22949f37,996,1005,4
66d9e1247beab6ea22949f38,710,1031,2
66d9e1247beab6ea22949f39,824,1010,4
66d9e1247beab6ea22949f3a,737,1037,4
66d9e1247beab6ea22949f3b,415,1034,4
66d9e1247beab6ea22949f3c,529,1020,3
66d9e1247beab6ea22949f3d,673,1050,1
66d9e1247beab6ea22949f3e,50,1048,3
66d9e1247beab6ea22949f3f,78,1023,5
66d9e1247beab6ea22949f40,867,1003,4
66d9e1247beab6ea22949f41,288,1033,1
66d9e1247beab6ea22949f42,589,1044,4
66d9e1247beab6ea22949f43,685,1016,1
66d9e1247beab6ea22949f44,25,1037,3
66d9e1247beab6ea22949f45,153,1010,5
66d9e1247beab6ea22949f46,657,1050,1
66d9e1247beab6ea22949f47,951,1045,1
66d9e1247beab6ea22949f48,800,1034,4
66d9e1247beab6ea22949f49,523,1009,1
66d9e1247beab6ea22949f4a,31,1034,1
66d9e1247beab6ea22949f4b,623,1028,2
66d9e1247beab6ea22949f4c,328,1040,5
66d9e1247beab6ea22949f4d,801,1046,4
66d9e1247beab6ea22949f4e,44,1050,2
66d9e1247beab6ea22949f4f,764,1016,5
66d9e1247beab6ea22949f50,800,1004,2
66d9e1247beab6ea22949f51,417,1027,1
66d9e1247beab6ea22949f52,488,1015,2
66d9e1247beab6ea22949f53,46,1049,3
66d9e1247beab6ea22949f54,854,1043,1
66d9e1247beab6ea22949f55,780,1046,2
66d9e1247beab6ea22949f56,687,1048,1
66d9e1247beab6ea22949f57,196,1028,5
66d9e1247beab6ea22949f58,560,1015,5
66d9e1247beab6ea22949f59,47,1025,4
66d9e1247beab6ea22949f5a,513,1020,5
66d9e1247beab6ea22949f5b,869,1014,3
66d9e1247beab6ea22949f5c,400,1015,1
66d9e1247beab6ea22949f5d,885,1027,2
66d9e1247beab6ea22949f5e,699,1028,2
66d9e1247beab6ea22949f5f,131,1004,4
66d9e1247beab6ea22949f60,25,1027,5
66d9e1247beab6ea22949f61,587,1032,1
66d9e1247beab6ea22949f62,371,1014,1
66d9e1247beab6ea22949f63,621,1038,5
66d9e1247beab6ea22949f64,886,1012,2
66d9e1247beab6ea22949f65,721,1022,1
66d9e1247beab6ea22949f66,136,1015,3
66d9e1247beab6ea22949f67,325,1049,3
66d9e1247beab6ea22949f68,592,1027,1
66d9e1247beab6ea22949f69,783,1014,5
66d9e1247beab6ea22949f6a,969,1010,4
66d9e1247beab6ea22949f6b,958,1020,1
66d9e1247beab6ea22949f6c,373,1005,5
66d9e1247beab6ea22949f6d,539,1042,2
66d9e1247beab6ea22949f73,282,1014,3
66d9e1247beab6ea22949f74,816,1043,4
66d9e1247beab6ea22949f75,41,1025,4
66d9e1247beab6ea22949f76,505,1015,2
66d9e1247beab6ea22949f77,498,1009,2
66d9e1247beab6ea22949f78,436,1014,1
66d9e1247beab6ea22949f79,478,1006,5
66d9e1247beab6ea22949f7a,655,1047,4
66d9e1247beab6ea22949f7b,52,1015,1
66d9e1247beab6ea22949f7c,902,1027,1
66d9e1247beab6ea22949f7d,27,1040,5
66d9e1247beab6ea22949f7e,714,1036,5
66d9e1247beab6ea22949f7f,336,1038,4
66d9e1247beab6ea22949f80,652,1027,4
66d9e1247beab6ea22949f81,918,1021,3
66d9e1247beab6ea22949f82,807,1029,5
66d9e1247beab6ea22949f83,671,1019,2
66d9e1247beab6ea22949f84,75,1040,1
66d9e1247beab6ea22949f85,267,1032,3
66d9e1247beab6ea22949f86,869,1038,5
66d9e1247beab6ea22949f87,576,1022,5
66d9e1247beab6ea22949f88,103,1001,3
66d9e1247beab6ea22949f89,143,1045,4
66d9e1247beab6ea22949f8a,835,1027,3
66d9e1247beab6ea22949f8b,759,1010,5
66d9e1247beab6ea22949f8c,607,1043,2
66d9e1247beab6ea22949f8d,966,1006,4
66d9e1247beab6ea22949f8e,34,1050,5
66d9e1247beab6ea22949f8f,464,1037,4
66d9e1247beab6ea22949f90,708,1029,5
66d9e1247beab6ea22949f91,382,1014,2
66d9e1247beab6ea22949f92,570,1018,3
66d9e1247beab6ea22949f93,124,1050,4
66d9e1247beab6ea22949f94,104,1048,3
66d9e1247beab6ea22949f95,704,1033,4
66d9e1247beab6ea22949f96,266,1005,3
66d9e1247beab6ea22949f97,400,1050,5
66d9e1247beab6ea22949f98,951,1005,1
66d9e1247beab6ea22949f99,460,1031,3
66d9e1247beab6ea22949f9a,143,1018,1
66d9e1247beab6ea22949f9b,102,1016,5
66d9e1247beab6ea22949f9c,564,1020,3
66d9e1247beab6ea22949f9d,482,1011,5
66d9e1247beab6ea22949f9e,213,1020,5
66d9e1247beab6ea22949f9f,612,1034,1
66d9e1247beab6ea22949fa0,583,1042,5
66d9e1247beab6ea22949fa1,515,1049,1
66d9e1247beab6ea22949fa2,348,1026,4
66d9e1247beab6ea22949fa3,697,1036,3
66d9e1247beab6ea22949fa4,288,1037,5
66d9e1247beab6ea22949fa5,956,1041,3
66d9e1247beab6ea22949fa6,861,1039,5
66d9e1247beab6ea22949fa7,435,1048,5
66d9e1247beab6ea22949fa8,430,1027,5
66d9e1247beab6ea22949fa9,274,1028,4
66d9e1247beab6ea22949faa,187,1046,4
66d9e1247beab6ea22949fab,973,1039,2
66d9e1247beab6ea22949fac,796,1018,2
66d9e1247beab6ea22949fad,251,1044,4
66d9e1247beab6ea22949fae,928,1048,2
66d9e1247beab6ea22949faf,290,1032,3
66d9e1247beab6ea22949fb0,683,1037,4
66d9e1247beab6ea22949fb1,197,1013,4
66d9e1247beab6ea22949fb2,836,1044,4
66d9e1247beab6ea22949fb7,405,1014,4
66d9e1247beab6ea22949fb8,388,1046,3
66d9e1247beab6ea22949fb9,926,1037,5
66d9e1247beab6ea22949fba,237,1001,1
66d9e1247beab6ea22949fbb,801,1027,1
66d9e1247beab6ea22949fbc,909,1016,5
66d9e1247beab6ea22949fbd,755,1035,1
66d9e1247beab6ea22949fbe,418,1047,1
66d9e1247beab6ea22949fbf,548,1050,1
66d9e1247beab6ea22949fc0,54,1025,1
66d9e1247beab6ea22949fc1,700,1049,3
66d9e1247beab6ea22949fc2,841,1016,4
66d9e1247beab6ea22949fc3,656,1012,5
66d9e1247beab6ea22949fc4,785,1040,4
66d9e1247beab6ea22949fc5,95,1021,1
66d9e1247beab6ea22949fc6,730,1004,4
66d9e1247beab6ea22949fc7,41,1004,4
66d9e1247beab6ea22949fc8,566,1019,3
66d9e1247beab6ea22949fc9,684,1035,4
66d9e1247beab6ea22949fca,310,1012,1
66d9e1247beab6ea22949fcb,49,1014,3
66d9e1247beab6ea22949fcc,590,1022,2
66d9e1247beab6ea22949fcd,616,1035,3
66d9e1247beab6ea22949fce,175,1005,3
66d9e1247beab6ea22949fcf,863,1028,3
66d9e1247beab6ea22949fd0,527,1022,5
66d9e1247beab6ea22949fd1,991,1033,3
66d9e1247beab6ea22949fd2,2,1048,2
66d9e1247beab6ea22949fd3,972,1005,5
66d9e1247beab6ea22949fd4,188,1044,5
66d9e1247beab6ea22949fd5,666,1037,1
66d9e1247beab6ea22949fd6,483,1040,4
66d9e1247beab6ea22949fd7,904,1026,2
66d9e1247beab6ea22949fd8,606,1027,2
66d9e1247beab6ea22949fd9,268,1048,1
66d9e1247beab6ea22949fda,247,1011,2
66d9e1247beab6ea22949fdb,681,1019,3
66d9e1247beab6ea22949fdc,859,1025,5
66d9e1247beab6ea22949fdd,532,1029,5
66d9e1247beab6ea22949fde,300,1001,2
